2020-01-01,7225.010000,7209.830000,7197.200000,7234.190000,7229.480000,7200.850000,7129.610000
2020-01-02,7129.610000,7110.570000,7139.790000,7130.980000,6983.270000,6965.710000,6952.040000
2020-01-03,6952.040000,7203.210000,7340.460000,7320.180000,7343.080000,7344.960000,7333.110000
2020-01-04,7333.110000,7348.110000,7336.450000,7318.990000,7334.830000,7354.110000,7475.990000
2020-01-05,7475.990000,7463.630000,7422.330000,7468.420000,7444.140000,7358.750000,7540.900000
2020-01-06,7540.900000,7507.910000,7544.720000,7519.990000,7539.900000,7758.000000,7894.900000
2020-01-07,7894.900000,7883.370000,7895.140000,7764.590000,8073.690000,8145.280000,8300.340000
2020-01-08,8300.340000,8297.260000,8332.470000,8305.970000,7963.350000,8055.980000,7954.720000
2020-01-09,7954.720000,7949.840000,7878.560000,7907.050000,7917.540000,7817.760000,7818.020000
2020-01-10,7818.020000,7752.980000,7841.690000,8066.600000,8059.490000,8197.020000,8158.490000
2020-01-11,8158.490000,8074.180000,8045.950000,8099.730000,8151.780000,8020.010000,8091.330000
2020-01-12,8091.330000,8097.510000,8114.080000,8152.700000,8132.010000,8184.980000,8105.770000
2020-01-13,8105.770000,8075.260000,8075.010000,8084.890000,8111.830000,8110.340000,8461.840000
2020-01-14,8461.840000,8509.990000,8526.870000,8675.480000,8767.560000,8810.010000,8727.610000
2020-01-15,8727.610000,8627.130000,8730.000000,8762.740000,8761.570000,8821.410000,8640.010000
2020-01-16,8640.010000,8680.000000,8724.910000,8710.020000,8705.000000,8720.010000,8786.430000
2020-01-17,8786.430000,8933.950000,8903.450000,8850.830000,8879.710000,8913.280000,8925.990000
2020-01-18,8925.990000,8843.630000,8879.790000,8903.260000,8907.930000,8915.960000,9157.610000
2020-01-19,9157.610000,9084.360000,8681.440000,8631.950000,8645.570000,8701.700000,8667.560000
2020-01-20,8667.560000,8665.140000,8615.250000,8675.380000,8673.670000,8642.350000,8674.100000
2020-01-21,8674.100000,8634.700000,8656.760000,8645.060000,8531.860000,8736.030000,8715.770000
2020-01-22,8715.770000,8740.270000,8659.870000,8655.370000,8670.390000,8682.360000,8597.230000
2020-01-23,8597.230000,8581.750000,8423.000000,8359.420000,8370.980000,8404.520000,8320.570000
2020-01-24,8320.570000,8340.000000,8412.770000,8506.440000,8498.760000,8439.000000,8297.620000
2020-01-25,8297.620000,8316.200000,8316.440000,8335.140000,8362.910000,8340.580000,8368.820000
2020-01-26,8368.820000,8385.170000,8479.150000,8459.670000,8569.100000,8615.000000,8670.100000
2020-01-27,8670.100000,8658.010000,8735.670000,8779.670000,8932.120000,8907.570000,9111.950000
2020-01-28,9111.950000,9039.920000,9082.130000,9024.580000,9010.860000,9374.210000,9343.500000
2020-01-29,9343.500000,9365.000000,9303.150000,9285.010000,9393.980000,9301.530000,9280.300000
2020-01-30,9280.300000,9391.020000,9338.210000,9386.880000,9506.820000,9513.210000,9444.000000
2020-01-31,9444.000000,9374.560000,9328.410000,9339.190000,9302.670000,9352.890000,9432.330000
2020-02-01,9432.330000,9423.010000,9354.660000,9333.910000,9367.090000,9384.610000,9266.830000
2020-02-02,9266.830000,9370.530000,9435.540000,9446.770000,9438.080000,9331.510000,9385.590000
2020-02-03,9385.590000,9368.160000,9351.480000,9270.000000,9316.700000,9292.240000,9282.950000
2020-02-04,9282.950000,9278.630000,9182.810000,9206.470000,9186.370000,9197.020000,9239.190000
2020-02-05,9239.190000,9274.530000,9418.480000,9485.080000,9655.990000,9612.040000,9635.700000
2020-02-06,9635.700000,9628.800000,9698.890000,9786.880000,9747.290000,9772.000000,9779.780000
2020-02-07,9779.780000,9801.830000,9809.330000,9802.020000,9775.590000,9813.730000,9714.110000
2020-02-08,9714.110000,9771.390000,9810.020000,9829.470000,9862.690000,9895.050000,10052.630000
2020-02-09,10052.630000,10127.870000,10109.520000,10097.100000,10074.850000,10151.750000,10090.470000
2020-02-10,10090.470000,9968.990000,9821.430000,9865.050000,9829.560000,9851.830000,9733.390000
2020-02-11,9733.390000,9739.940000,9801.040000,10164.990000,10247.730000,10223.080000,10263.000000
2020-02-12,10263.000000,10366.000000,10343.400000,10314.560000,10313.470000,10326.460000,10379.740000
2020-02-13,10379.740000,10338.960000,10151.110000,10254.930000,10250.310000,10229.630000,10258.700000
2020-02-14,10258.700000,10124.980000,10269.240000,10249.940000,10341.640000,10344.360000,10272.390000
2020-02-15,10272.390000,10221.760000,10229.360000,9983.180000,9893.990000,9904.720000,10000.580000
2020-02-16,10000.580000,9959.510000,9922.630000,9858.540000,9745.570000,9917.270000,9808.400000
2020-02-17,9808.400000,9753.260000,9609.940000,9633.450000,9666.150000,9706.000000,9724.820000
2020-02-18,9724.820000,9790.580000,9702.270000,9830.680000,10043.490000,10164.710000,10149.630000
2020-02-19,10149.630000,10059.300000,10148.930000,10139.220000,9593.790000,9571.500000
2020-02-20,9571.500000,9607.230000,9565.390000,9574.260000,9551.960000,9596.420000,9708.170000
2020-02-21,9708.170000,9673.430000,9694.560000,9722.560000,9681.840000,9677.050000,9665.900000
2020-02-22,9665.900000,9590.900000,9634.610000,9630.190000,9666.930000,9650.860000,9787.080000
2020-02-23,9787.080000,9880.700000,9825.570000,9861.900000,9871.760000,9936.400000,9753.710000
2020-02-24,9753.710000,9752.830000,9811.380000,9703.280000,9601.090000,9656.130000,9579.440000
2020-02-25,9579.440000,9520.160000,9627.220000,9397.470000,9359.950000,9315.840000,9170.130000
2020-02-26,9170.130000,9148.080000,9158.370000,8995.290000,8831.140000,8785.250000,8739.680000
2020-02-27,8739.680000,8814.050000,8804.360000,8847.160000,8915.340000,8823.210000,8837.510000
2020-02-28,8837.510000,8728.740000,8585.960000,8715.940000,8577.210000,8692.910000,8714.730000
2020-02-29,8714.730000,8745.810000,8696.980000,8650.000000,8671.410000,8523.610000,8620.360000
2020-03-01,8620.360000,8541.160000,8648.370000,8557.800000,8542.200000,8531.880000,8601.990000
2020-03-02,8601.990000,8625.390000,8758.350000,8829.210000,8883.120000,8915.240000,8866.600000
2020-03-03,8866.600000,8756.080000,8858.220000,8753.010000,8713.970000,8760.070000,8790.180000
2020-03-04,8790.180000,8816.270000,8717.120000,8700.000000,8739.580000,8750.870000,8869.820000
2020-03-05,8869.820000,8895.050000,9100.890000,9085.480000,9150.900000,9054.680000,9033.590000
2020-03-06,9033.590000,9100.910000,9127.920000,9001.400000,9085.120000,9131.880000,9089.950000
2020-03-07,9089.950000,9085.230000,9089.000000,9113.610000,8884.790000,8886.660000,8747.580000
2020-03-08,8747.580000,8740.290000,8741.530000,8400.830000,8280.110000,8033.310000,8063.520000
2020-03-09,8063.520000,7899.710000,7804.920000,7765.320000,7842.030000,7929.870000,7907.160000
2020-03-10,7907.160000,7900.140000,8065.020000,7767.280000,7978.800000,7894.560000,7924.780000
2020-03-11,7924.780000,7860.930000,7821.860000,7778.760000,7828.230000,7934.520000,7662.730000
2020-03-12,7662.730000,7392.130000,6067.010000,6132.130000,6037.450000,4800.000000,5167.260000
2020-03-13,5167.260000,5385.870000,5403.560000,5212.370000,5391.080000,5578.600000,5573.970000
2020-03-14,5573.970000,5500.400000,5448.380000,5311.380000,5386.850000,5172.060000,5178.640000
2020-03-15,5178.640000,5272.230000,5429.990000,5324.480000,5312.350000,5361.300000,5273.340000
2020-03-16,5273.340000,4785.670000,4565.590000,5151.390000,4939.250000,5028.970000,5311.160000
2020-03-17,5311.160000,5343.720000,5267.610000,5362.990000,5375.110000,5312.640000,5394.150000
2020-03-18,5394.150000,5148.730000,5140.390000,5328.890000,5328.510000,5393.040000,5286.840000
2020-03-19,5286.840000,5414.190000,5621.860000,5895.100000,6215.570000,6162.370000,6156.350000
2020-03-20,6156.350000,6318.390000,6659.990000,6614.660000,6187.590000,6208.360000,6267.450000
2020-03-21,6267.450000,6151.160000,6118.720000,6212.080000,6216.270000,6186.980000,6351.930000
2020-03-22,6351.930000,6289.340000,6153.570000,6076.140000,5911.030000,5816.190000,5955.360000
2020-03-23,5955.360000,5855.590000,5843.290000,6231.740000,6266.280000,6467.310000,6522.520000
2020-03-24,6522.520000,6566.060000,6731.000000,6587.520000,6697.390000,6744.720000,6557.750000
2020-03-25,6557.750000,6675.210000,6521.360000,6617.270000,6622.380000,6677.430000,6725.650000
2020-03-26,6725.650000,6589.920000,6603.310000,6617.040000,6657.930000,6737.360000,6793.000000
2020-03-27,6793.000000,6699.920000,6620.580000,6622.860000,6657.020000,6359.110000,6116.920000
2020-03-28,6116.920000,6184.310000,6236.780000,6215.000000,6210.770000,6236.650000,6202.950000
2020-03-29,6202.950000,6153.900000,6138.350000,6129.790000,5905.290000,5881.420000,6009.090000
2020-03-30,6009.090000,6242.690000,6355.560000,6343.580000,6366.740000,6394.380000,6439.470000
2020-03-31,6439.470000,6445.090000,6387.190000,6454.120000,6463.470000,6410.440000,6368.680000
2020-04-01,6368.680000,6331.960000,6296.870000,6230.090000,6200.810000,6642.920000,6606.050000
2020-04-02,6606.050000,6644.000000,6690.600000,6805.000000,6803.250000,6794.090000,6782.440000
2020-04-03,6782.440000,6931.460000,7004.420000,6711.900000,6768.150000,6734.100000,6696.190000
2020-04-04,6696.190000,6729.540000,6697.010000,6730.010000,6747.350000,6856.990000,6797.030000
2020-04-05,6797.030000,6773.220000,6776.600000,6784.740000,6792.990000,6772.780000,6843.820000
2020-04-06,6843.820000,7031.540000,7099.000000,7143.000000,7265.860000,7329.900000,7322.070000
2020-04-07,7322.070000,7378.080000,7381.010000,7318.040000,7287.550000,7197.320000,7353.410000
2020-04-08,7353.410000,7321.850000,7292.920000,7276.830000,7306.090000,7361.280000,7286.340000
2020-04-09,7286.340000,7330.000000,7183.980000,7282.680000,7262.850000,7283.540000,7175.780000
2020-04-10,7175.780000,6922.980000,6898.240000,6766.430000,6900.310000,6858.920000,6907.820000
2020-04-11,6907.820000,6876.700000,6878.210000,6831.280000,6803.220000,6876.830000,6806.490000
2020-04-12,6806.490000,6828.640000,6847.180000,7018.990000,7112.130000,6903.790000,6675.520000
2020-04-13,6675.520000,6699.340000,6771.010000,6765.650000,6772.740000,6837.910000,6885.070000
2020-04-14,6885.070000,6817.770000,6827.820000,6906.380000,6918.180000,6868.700000,6906.560000
2020-04-15,6906.560000,6862.050000,6783.000000,6701.900000,6730.010000,6621.240000,6651.870000
2020-04-16,6651.870000,6892.400000,7023.990000,7045.510000,7070.790000,7101.940000,7086.180000
2020-04-17,7086.180000,7043.380000,7074.610000,7037.940000,7072.710000,7027.550000,7086.800000
2020-04-18,7086.800000,7089.720000,7104.520000,7243.370000,7211.200000,7248.600000,7229.960000
2020-04-19,7229.960000,7146.770000,7163.190000,7097.330000,7134.280000,7120.740000,7161.030000
2020-04-20,7161.030000,7184.940000,6966.550000,7071.400000,6768.880000,6826.830000,6857.920000
2020-04-21,6857.920000,6878.680000,6793.290000,6830.800000,6864.920000,6841.370000,6862.240000
2020-04-22,6862.240000,6942.110000,6955.800000,7112.200000,7085.570000,7125.140000,7113.270000
2020-04-23,7113.270000,7061.540000,7133.390000,7530.100000,7522.010000,7482.390000,7523.000000
2020-04-24,7523.000000,7568.680000,7494.030000,7503.120000,7521.580000,7505.000000,7480.780000
2020-04-25,7480.780000,7561.480000,7532.970000,7528.840000,7542.810000,7538.670000,7565.710000
2020-04-26,7565.710000,7546.660000,7660.400000,7545.010000,7646.630000,7693.100000,7733.000000
2020-04-27,7733.000000,7697.910000,7717.890000,7675.580000,7698.320000,7774.620000,7701.290000
2020-04-28,7701.290000,7705.990000,7728.620000,7716.910000,7717.040000,7738.980000,7815.300000
2020-04-29,7815.300000,7945.000000,8126.980000,8357.060000,8721.220000,8778.570000,9288.980000
2020-04-30,9288.980000,9177.010000,8839.630000,8776.950000,8836.010000,8620.000000,8675.350000
2020-05-01,8675.350000,8767.180000,8995.660000,8726.840000,8727.820000,8826.960000,8834.080000
2020-05-02,8834.080000,8799.010000,8834.000000,8936.410000,8878.110000,8972.050000,9132.950000
2020-05-03,9132.950000,8990.750000,9045.500000,8813.000000,8872.340000,8894.160000,8730.840000
2020-05-04,8730.840000,8648.410000,8672.360000,8848.000000,8830.140000,8871.960000,8850.000000
2020-05-05,8850.000000,9013.550000,8844.730000,8842.340000,8905.000000,9021.830000,8979.730000
2020-05-06,8979.730000,9018.180000,9313.000000,9273.390000,9237.730000,9142.920000,9290.390000
2020-05-07,9290.390000,9309.920000,9280.010000,9515.510000,9863.930000,9986.400000,9930.690000
2020-05-08,9930.690000,9810.140000,9899.750000,9941.210000,9945.990000,9800.010000,9863.020000
2020-05-09,9863.020000,9592.770000,9638.850000,9688.620000,9744.770000,9539.400000,8622.780000
2020-05-10,8622.780000,8812.280000,8737.350000,8650.960000,8502.940000,8722.770000,8696.640000
2020-05-11,8696.640000,8664.320000,8927.430000,8882.960000,8746.860000,8561.520000,8716.070000
2020-05-12,8716.070000,8656.050000,8800.920000,8867.720000,8792.190000,8810.790000,8912.190000
2020-05-13,8912.190000,8867.200000,9035.980000,9136.850000,9151.240000,9309.370000,9352.380000
2020-05-14,9352.380000,9508.560000,9686.710000,9748.980000,9660.000000,9791.980000,9472.970000
2020-05-15,9472.970000,9674.330000,9592.380000,9475.530000,9337.830000,9316.420000,9405.680000
2020-05-16,9405.680000,9390.020000,9414.530000,9380.750000,9329.780000,9381.270000,9545.580000
2020-05-17,9545.580000,9540.990000,9522.080000,9822.320000,9771.000000,9680.040000,9860.510000
2020-05-18,9860.510000,9785.710000,9634.890000,9670.960000,9701.700000,9733.930000,9530.000000
2020-05-19,9530.000000,9573.990000,9751.980000,9687.060000,9644.130000,9775.530000,9724.400000
2020-05-20,9724.400000,9764.510000,9731.210000,9414.500000,9531.990000,9511.430000,9483.370000
2020-05-21,9483.370000,9457.830000,9389.970000,9084.380000,9065.530000,9068.650000,8995.550000
2020-05-22,8995.550000,9081.810000,9166.000000,9222.690000,9173.720000,9170.000000,9286.610000
2020-05-23,9286.610000,9255.280000,9172.250000,9198.780000,9180.980000,9179.150000,9192.760000
2020-05-24,9192.760000,9255.530000,9119.000000,9055.740000,9018.450000,8720.340000,8786.570000
2020-05-25,8786.570000,8867.310000,8752.410000,8782.440000,8928.060000,8900.350000,8903.760000
2020-05-26,8903.760000,8957.490000,8869.150000,8726.600000,8800.000000,8841.180000,8828.900000
2020-05-27,8828.900000,8844.280000,9150.740000,9148.000000,9159.990000,9204.070000,9172.910000
2020-05-28,9172.910000,9150.440000,9266.890000,9499.810000,9452.250000,9575.890000,9521.260000
2020-05-29,9521.260000,9523.500000,9403.870000,9412.000000,9404.980000,9427.070000,9396.180000
2020-05-30,9396.180000,9528.690000,9554.170000,9540.600000,9535.140000,9697.720000,9576.790000
2020-05-31,9576.790000,9565.130000,9588.960000,9480.000000,9514.740000,9448.270000,9555.790000
2020-06-01,9555.790000,9571.470000,9513.220000,9546.980000,9572.480000,10200.770000,10096.860000
2020-06-02,10096.860000,10118.860000,10115.560000,9468.810000,9508.830000,9518.040000,9491.990000
2020-06-03,9491.990000,9506.320000,9618.570000,9559.290000,9577.180000,9666.240000,9665.370000
2020-06-04,9665.370000,9649.600000,9622.080000,9829.390000,9817.640000,9789.060000,9796.590000
2020-06-05,9796.590000,9774.640000,9696.600000,9711.750000,9725.000000,9621.160000,9636.180000
2020-06-06,9636.180000,9609.840000,9693.850000,9651.670000,9657.390000,9666.300000,9685.690000
2020-06-07,9685.690000,9658.990000,9575.590000,9500.030000,9773.810000,9746.990000,9725.830000
2020-06-08,9725.830000,9727.510000,9742.690000,9705.510000,9694.650000,9782.010000,9679.220000
2020-06-09,9679.220000,9681.750000,9721.240000,9719.890000,9731.150000,9772.430000,9754.500000
2020-06-10,9754.500000,9747.890000,9729.600000,9758.330000,9852.180000,9885.000000,9889.170000
2020-06-11,9889.170000,9796.470000,9788.570000,9521.110000,9280.930000,9280.400000,9363.440000
2020-06-12,9363.440000,9439.000000,9495.600000,9417.810000,9431.210000,9465.130000,9408.540000
2020-06-13,9408.540000,9437.900000,9405.100000,9437.420000,9404.080000,9473.340000,9434.810000
2020-06-14,9434.810000,9414.630000,9426.340000,9419.360000,9394.040000,9342.100000,9163.990000
2020-06-15,9163.990000,9123.300000,9117.690000,9298.000000,9418.570000,9426.020000,9562.510000
2020-06-16,9562.510000,9504.090000,9509.940000,9452.620000,9507.520000,9525.590000,9460.370000
2020-06-17,9460.370000,9513.000000,9478.610000,9399.240000,9300.830000,9465.140000,9431.280000
2020-06-18,9431.280000,9440.340000,9432.670000,9385.990000,9397.990000,9386.320000,9274.260000
2020-06-19,9274.260000,9299.520000,9385.840000,9383.320000,9307.370000,9310.230000,9330.650000
2020-06-20,9330.650000,9302.880000,9325.870000,9259.780000,9286.540000,9358.950000,9371.780000
2020-06-21,9371.780000,9368.980000,9358.500000,9373.330000,9351.130000,9294.690000,9385.690000
2020-06-22,9385.690000,9419.000000,9459.400000,9492.260000,9563.470000,9685.690000,9658.220000
2020-06-23,9658.220000,9663.630000,9633.160000,9691.990000,9640.480000,9624.890000,9651.160000
2020-06-24,9651.160000,9512.820000,9331.320000,9249.930000,9299.000000,9296.490000,9100.360000
2020-06-25,9100.360000,9173.480000,9255.490000,9236.770000,9287.060000,9249.490000,9246.830000
2020-06-26,9246.830000,9146.090000,9189.380000,9152.010000,9166.800000,9162.210000,9160.250000
2020-06-27,9160.250000,9174.250000,9159.970000,9130.760000,8938.040000,9012.000000,8971.800000
2020-06-28,8971.800000,9023.090000,9052.810000,9159.420000,9112.640000,9116.350000,9097.010000
2020-06-29,9097.010000,9096.950000,9097.380000,9124.750000,9158.100000,9192.560000,9161.650000
2020-06-30,9161.650000,9144.880000,9148.900000,9169.570000,9134.730000,9138.550000,9138.590000
2020-07-01,9138.590000,9135.370000,9158.980000,9263.940000,9240.010000,9232.000000,9237.880000
2020-07-02,9237.880000,9208.000000,9197.010000,9048.920000,9055.150000,9086.540000,9092.840000
2020-07-03,9092.840000,9105.050000,9097.000000,9100.390000,9085.720000,9058.260000,9085.020000
2020-07-04,9085.020000,9073.540000,9057.690000,9066.010000,9129.310000,9135.460000,9129.800000
2020-07-05,9129.800000,9061.990000,9034.480000,9028.000000,9029.230000,9069.410000,9087.910000
2020-07-06,9087.910000,9200.080000,9222.960000,9305.020000,9289.650000,9344.200000,9295.580000
2020-07-07,9295.580000,9262.010000,9270.520000,9275.660000,9238.500000,9257.390000,9311.230000
2020-07-08,9311.230000,9284.150000,9309.830000,9411.720000,9430.000000,9436.060000,9385.020000
2020-07-09,9385.020000,9402.320000,9401.710000,9208.580000,9218.140000,9232.430000,9222.700000
2020-07-10,9222.700000,9154.990000,9161.490000,9245.920000,9235.570000,9288.340000,9268.200000
2020-07-11,9268.200000,9268.800000,9200.370000,9226.650000,9205.110000,9234.030000,9272.470000
2020-07-12,9272.470000,9255.920000,9245.280000,9215.690000,9220.280000,9302.750000,9271.990000
2020-07-13,9271.990000,9270.010000,9309.040000,9290.380000,9235.070000,9242.620000,9217.110000
2020-07-14,9217.110000,9181.010000,9232.950000,9219.210000,9268.920000,9255.850000,9234.850000
2020-07-15,9234.850000,9231.210000,9219.270000,9204.980000,9185.460000,9197.600000,9203.590000
2020-07-16,9203.590000,9123.690000,9081.610000,9125.260000,9126.130000,9133.720000,9119.810000
2020-07-17,9119.810000,9109.940000,9138.920000,9148.370000,9164.750000,9154.320000,9135.020000
2020-07-18,9135.020000,9132.370000,9159.900000,9169.570000,9163.840000,9170.280000,9153.410000
2020-07-19,9153.410000,9154.780000,9124.410000,9119.890000,9165.440000,9208.990000,9191.990000
2020-07-20,9191.990000,9180.720000,9147.750000,9173.750000,9158.650000,9160.780000,9180.830000
2020-07-21,9180.830000,9315.290000,9344.630000,9338.000000,9354.350000,9390.000000,9359.060000
2020-07-22,9359.060000,9302.000000,9344.680000,9338.140000,9373.880000,9518.160000,9491.990000
2020-07-23,9491.990000,9491.670000,9507.010000,9524.990000,9595.800000,9603.270000,9561.550000
2020-07-24,9561.550000,9508.020000,9532.090000,9551.680000,9581.760000,9537.800000,9581.580000
2020-07-25,9581.580000,9568.500000,9574.290000,9593.190000,9674.140000,9700.420000,9677.690000
2020-07-26,9677.690000,9716.540000,9970.870000,9961.830000,9866.000000,9931.540000,10248.840000
2020-07-27,10248.840000,10157.950000,10255.920000,10299.900000,10792.000000,11029.960000,10971.420000
2020-07-28,10971.420000,10881.620000,10983.900000,11150.260000,10993.970000,10906.270000,10978.270000
2020-07-29,10978.270000,11015.110000,11101.000000,11162.010000,11204.590000,11100.530000,10983.560000
2020-07-30,10983.560000,10941.640000,10926.030000,11010.730000,11116.820000,11099.610000,10977.080000
2020-07-31,10977.080000,11131.110000,11218.860000,11346.900000,11317.260000,11335.460000,11366.160000
2020-08-01,11366.160000,11657.350000,11657.000000,11632.890000,11769.590000,11801.170000,12000.000000
2020-08-02,12000.000000,11323.780000,11109.860000,11083.630000,11202.800000,11071.350000,11136.470000
2020-08-03,11136.470000,11197.110000,11231.140000,11382.370000,11399.460000,11219.810000,11261.430000
2020-08-04,11261.430000,11291.840000,11117.510000,11210.910000,11221.370000,11191.970000,11240.560000
2020-08-05,11240.560000,11278.180000,11438.060000,11661.300000,11645.000000,11744.910000,11646.040000
2020-08-06,11646.040000,11628.510000,11692.490000,11837.560000,11863.720000,11762.460000,11825.000000
2020-08-07,11825.000000,11779.980000,11755.310000,11641.700000,11489.000000,11594.230000,11544.340000
2020-08-08,11544.340000,11586.070000,11775.520000,11738.100000,11713.420000,11761.410000,11730.520000
2020-08-09,11730.520000,11704.070000,11686.080000,11567.430000,11628.980000,11681.680000,12009.400000
2020-08-10,12009.400000,11968.890000,11733.030000,11920.670000,11863.030000,11892.920000,11833.810000
2020-08-11,11833.810000,11748.050000,11741.480000,11480.790000,11387.050000,11392.080000,11380.890000
2020-08-12,11380.890000,11446.910000,11460.440000,11581.450000,11568.980000,11564.330000,11567.210000
2020-08-13,11567.210000,11513.430000,11552.110000,11499.780000,11506.170000,11780.000000,11723.230000
2020-08-14,11723.230000,11696.980000,11760.810000,11740.350000,11801.940000,11760.540000,11888.670000
2020-08-15,11888.670000,11891.320000,11843.020000,11851.990000,11837.110000,11852.400000,11928.990000
2020-08-16,11928.990000,11858.890000,11750.650000,11859.910000,11818.300000,11911.000000,11844.710000
2020-08-17,11844.710000,11807.210000,11908.650000,12421.550000,12328.530000,12281.130000,12299.430000
2020-08-18,12299.430000,12260.770000,12170.430000,11934.410000,11982.000000,11945.010000,11837.110000
2020-08-19,11837.110000,11823.340000,11842.480000,11726.500000,11649.840000,11754.590000,11699.790000
2020-08-20,11699.790000,11703.880000,11817.130000,11854.350000,11843.090000,11853.550000,11866.580000
2020-08-21,11866.580000,11838.070000,11715.610000,11720.000000,11670.830000,11531.340000,11474.020000
2020-08-22,11474.020000,11579.610000,11560.990000,11583.100000,11590.260000,11662.960000,11599.180000
2020-08-23,11599.180000,11616.460000,11526.530000,11653.250000,11684.970000,11648.130000,11684.400000
2020-08-24,11684.400000,11758.580000,11793.050000,11764.030000,11748.390000,11748.200000,11669.580000
2020-08-25,11669.580000,11586.410000,11614.440000,11419.410000,11294.000000,11318.420000,11365.230000
2020-08-26,11365.230000,11348.060000,11378.580000,11475.920000,11460.050000,11461.430000,11384.600000
2020-08-27,11384.600000,11406.170000,11310.010000,11323.220000,11244.090000,11330.380000,11380.080000
2020-08-28,11380.080000,11379.630000,11471.990000,11529.630000,11498.130000,11526.910000,11501.610000
2020-08-29,11501.610000,11558.280000,11447.380000,11500.990000,11522.110000,11465.840000,11612.720000
2020-08-30,11612.720000,11592.910000,11603.090000,11616.200000,11642.590000,11711.160000,11679.090000
2020-08-31,11679.090000,11618.650000,11680.580000,11742.160000,11725.000000,11649.510000,11691.490000
2020-09-01,11691.490000,11923.740000,11868.990000,12039.330000,11957.410000,11921.970000,11835.010000
2020-09-02,11835.010000,11722.840000,11406.020000,11329.670000,11389.210000,11388.540000,11350.560000
2020-09-03,11350.560000,11400.840000,11208.020000,10670.280000,10682.690000,10140.850000,10265.420000
2020-09-04,10265.420000,10295.590000,10422.170000,10424.670000,10570.130000,10446.250000,10408.460000
2020-09-05,10408.460000,10406.770000,10225.660000,10273.890000,9956.660000,10166.690000,10163.720000
2020-09-06,10163.720000,10230.370000,10266.320000,10173.370000,10258.300000,10256.200000,10204.100000
2020-09-07,10204.100000,10113.560000,10026.460000,10144.010000,10148.470000,10373.440000,10302.810000
2020-09-08,10302.810000,10264.500000,9982.990000,10098.580000,9991.210000,10126.650000,10026.680000
2020-09-09,10026.680000,10190.000000,10221.370000,10246.110000,10276.770000,10219.200000,10371.230000
2020-09-10,10371.230000,10275.290000,10292.620000,10414.160000,10270.010000,10336.870000,10220.760000
2020-09-11,10220.760000,10260.750000,10252.600000,10318.760000,10323.200000,10387.890000,10342.330000
2020-09-12,10342.330000,10343.980000,10341.590000,10359.990000,10461.390000,10440.920000,10556.260000
2020-09-13,10556.260000,10542.270000,10324.890000,10280.140000,10309.050000,10332.830000,10348.140000
2020-09-14,10348.140000,10399.320000,10469.820000,10698.030000,10665.000000,10671.770000,10755.130000
2020-09-15,10755.130000,10741.370000,10821.150000,10784.460000,10783.360000,10785.310000,10779.410000
2020-09-16,10779.410000,10915.490000,10898.990000,11004.990000,10982.200000,10954.010000,10872.090000
2020-09-17,10872.090000,10882.390000,10877.650000,10838.310000,10916.630000,10939.990000,10924.360000
2020-09-18,10924.360000,10954.140000,10977.260000,10899.370000,10866.550000,10933.390000,10976.000000
2020-09-19,10976.000000,10900.290000,11140.000000,11090.560000,11054.200000,11080.650000,10948.810000
2020-09-20,10948.810000,10962.610000,10951.170000,10834.580000,10871.030000,10920.280000,10962.760000
2020-09-21,10962.760000,10902.580000,10636.470000,10418.760000,10498.550000,10417.220000,10449.950000
2020-09-22,10449.950000,10372.900000,10452.260000,10451.070000,10491.970000,10529.610000,10476.010000
2020-09-23,10476.010000,10428.640000,10474.450000,10453.200000,10293.000000,10241.460000,10301.750000
2020-09-24,10301.750000,10341.680000,10410.010000,10545.360000,10653.820000,10736.320000,10667.470000
2020-09-25,10667.470000,10686.940000,10630.000000,10647.610000,10718.310000,10686.670000,10704.860000
2020-09-26,10704.860000,10705.840000,10709.940000,10721.000000,10718.550000,10728.600000,10781.200000
2020-09-27,10781.200000,10671.280000,10623.500000,10754.820000,10732.000000,10774.250000,10885.140000
2020-09-28,10885.140000,10854.000000,10877.910000,10901.900000,10869.000000,10696.120000,10689.940000
2020-09-29,10689.940000,10726.990000,10758.920000,10725.940000,10737.490000,10840.480000,10742.080000
2020-09-30,10742.080000,10706.680000,10681.000000,10777.390000,10706.480000,10776.590000,10798.180000
2020-10-01,10798.180000,10824.750000,10903.160000,10716.230000,10617.740000,10619.130000,10649.060000
2020-10-02,10649.060000,10490.880000,10436.630000,10512.740000,10515.040000,10570.400000,10552.240000
2020-10-03,10552.240000,10527.750000,10536.650000,10541.980000,10582.620000,10542.060000,10545.490000
2020-10-04,10545.490000,10612.830000,10600.750000,10591.450000,10673.260000,10666.630000,10665.880000
2020-10-05,10665.880000,10686.310000,10666.530000,10726.020000,10730.780000,10792.210000,10765.290000
2020-10-06,10765.290000,10711.150000,10697.330000,10735.010000,10571.360000,10599.660000,10575.510000
2020-10-07,10575.510000,10618.690000,10600.410000,10629.600000,10650.340000,10666.390000,10639.800000
2020-10-08,10639.800000,10592.210000,10606.170000,10896.960000,10878.830000,10925.570000,10887.190000
2020-10-09,10887.190000,10894.000000,11050.430000,11086.580000,11034.280000,11050.640000,11412.960000
2020-10-10,11412.960000,11381.300000,11317.460000,11349.200000,11351.090000,11293.220000,11332.000000
2020-10-11,11332.000000,11350.010000,11372.500000,11405.470000,11334.020000,11369.020000,11385.000000
2020-10-12,11385.000000,11379.340000,11244.410000,11549.380000,11546.930000,11528.250000,11458.240000
2020-10-13,11458.240000,11452.000000,11486.360000,11385.150000,11387.830000,11420.560000,11390.000000
2020-10-14,11390.000000,11415.040000,11362.920000,11320.760000,11342.250000,11417.890000,11378.960000
2020-10-15,11378.960000,11396.830000,11315.370000,11398.220000,11520.930000,11505.120000,11507.970000
2020-10-16,11507.970000,11305.870000,11369.340000,11331.190000,11308.110000,11319.320000,11363.010000
2020-10-17,11363.010000,11344.980000,11343.130000,11337.540000,11342.210000,11360.200000,11368.020000
2020-10-18,11368.020000,11455.400000,11420.620000,11446.680000,11432.240000,11503.140000,11416.710000
2020-10-19,11416.710000,11462.390000,11477.000000,11800.000000,11689.990000,11751.470000,11741.000000
2020-10-20,11741.000000,11735.460000,11778.860000,11926.400000,11912.350000,11909.990000,12182.310000
2020-10-21,12182.310000,12198.150000,12335.000000,12735.000000,12680.750000,12780.960000,12718.260000
2020-10-22,12718.260000,12751.550000,12967.010000,12930.000000,13072.480000,12968.520000,12960.010000
2020-10-23,12960.010000,12883.620000,12968.960000,12921.090000,12918.990000,12923.070000,12967.740000
2020-10-24,12967.740000,12924.790000,12990.900000,13100.000000,13118.240000,13111.730000,13295.500000
2020-10-25,13295.500000,13027.240000,12951.730000,12940.740000,13042.160000,13028.830000,13094.530000
2020-10-26,13094.530000,13037.080000,13145.000000,12978.410000,13004.500000,13052.190000,13083.240000
2020-10-27,13083.240000,13144.580000,13449.800000,13609.240000,13656.890000,13636.170000,13779.990000
2020-10-28,13779.990000,13664.370000,13318.330000,13221.260000,13165.310000,13266.400000,13280.990000
2020-10-29,13280.990000,13138.870000,13052.060000,13436.950000,13492.510000,13455.700000,13432.340000
2020-10-30,13432.340000,13218.960000,13347.790000,13549.980000,13536.440000,13560.100000,13491.540000
2020-10-31,13491.540000,13576.140000,13940.000000,13852.020000,13781.870000,13791.000000,13690.010000
2020-11-01,13690.010000,13792.510000,13696.580000,13800.010000,13789.880000,13761.500000,13697.540000
2020-11-02,13697.540000,13740.990000,13402.180000,13499.000000,13553.650000,13549.370000,13391.960000
2020-11-03,13391.960000,13444.300000,13532.140000,13710.380000,13721.270000,14023.530000,13897.510000
2020-11-04,13897.510000,13600.460000,13720.990000,13911.470000,14102.260000,14144.010000,14311.290000
2020-11-05,14311.290000,14475.870000,14717.600000,15080.260000,15120.880000,15590.020000,15430.480000
2020-11-06,15430.480000,15733.300000,15572.360000,15411.270000,15435.990000,15579.920000,15545.200000
2020-11-07,15545.200000,15444.410000,15515.950000,15337.910000,14643.520000,14818.300000,14957.410000
2020-11-08,14957.410000,14931.530000,15171.000000,15353.480000,15339.470000,15475.100000,15434.080000
2020-11-09,15434.080000,15303.260000,15802.390000,15000.960000,15360.000000,15328.410000,15334.910000
2020-11-10,15334.910000,15274.740000,15279.240000,15167.490000,15297.940000,15297.210000,15401.900000
2020-11-11,15401.900000,15400.510000,15574.480000,15667.270000,15807.580000,15684.240000,15628.140000
2020-11-12,15628.140000,15862.750000,15762.550000,16125.010000,16063.810000,16291.860000,16432.990000
2020-11-13,16432.990000,16253.300000,16225.000000,16100.170000,16282.000000,16320.700000,16178.620000
2020-11-14,16178.620000,16089.000000,15925.440000,15951.920000,15881.330000,16070.450000,15929.470000
2020-11-15,15929.470000,16030.900000,15953.720000,16027.190000,15855.290000,15957.000000,16006.500000
2020-11-16,16006.500000,16235.710000,16235.680000,16450.000000,16779.010000,16713.570000,16573.580000
2020-11-17,16573.580000,16750.000000,16995.060000,17322.190000,17685.220000,17659.380000,18030.710000
2020-11-18,18030.710000,18063.700000,18249.990000,17873.880000,17659.900000,17776.120000,17915.460000
2020-11-19,17915.460000,17649.940000,17765.330000,18045.000000,17955.800000,17802.820000,17955.060000
2020-11-20,17955.060000,18212.000000,18263.500000,18668.560000,18627.380000,18655.670000,18659.480000
2020-11-21,18659.480000,18669.990000,18531.060000,18790.010000,18679.970000,18703.800000,18559.910000
2020-11-22,18559.910000,18498.310000,17887.820000,18295.400000,18573.580000,18414.430000,18369.000000
2020-11-23,18369.000000,18458.130000,18567.700000,18261.860000,18444.440000,18368.000000,18338.520000
2020-11-24,18338.520000,18369.360000,19064.990000,19358.570000,19160.010000,19160.010000,18808.030000
2020-11-25,18808.030000,18975.130000,19281.550000,19126.840000,18981.290000,18719.110000,17927.980000
2020-11-26,17927.980000,17619.900000,17100.000000,16905.180000,16516.870000,17149.470000,17078.110000
2020-11-27,17078.110000,17094.180000,16789.370000,16498.850000,16803.140000,17139.520000,16990.270000
2020-11-28,16990.270000,17014.720000,17160.290000,17517.040000,17814.500000,17719.850000,17867.480000
2020-11-29,17867.480000,17817.340000,18090.440000,18119.970000,18042.860000,18184.990000,18579.500000
2020-11-30,18579.500000,18623.000000,18600.950000,19291.880000,19259.980000,19695.870000,19419.740000
2020-12-01,19419.740000,19515.630000,19425.000000,19263.370000,19069.790000,18764.960000,18618.250000
2020-12-02,18618.250000,19124.480000,19127.310000,18891.570000,19101.100000,19204.090000,19087.000000
2020-12-03,19087.000000,19208.110000,19396.500000,19535.000000,19414.290000,19421.900000,19162.620000
2020-12-04,19162.620000,19283.940000,18833.250000,18943.350000,19038.730000,18650.520000,18818.850000
2020-12-05,18818.850000,18911.310000,19013.430000,19110.780000,19119.190000,19147.660000,19183.390000
2020-12-06,19183.390000,19230.990000,19089.160000,19125.830000,19132.620000,19359.400000,19282.680000
2020-12-07,19282.680000,19371.300000,19103.580000,19213.900000,18967.010000,19166.900000,19154.730000
2020-12-08,19154.730000,19143.100000,18762.960000,18809.910000,18795.740000,18324.110000,18300.010000
2020-12-09,18300.010000,17924.070000,18244.950000,18349.500000,18260.030000,18541.280000,18409.770000
2020-12-10,18409.770000,18335.910000,18192.490000,18134.080000,18403.100000,18254.630000,17990.880000
2020-12-11,17990.880000,17811.950000,17647.710000,18104.740000,17977.000000,18036.530000,18282.020000
2020-12-12,18282.020000,18380.850000,18506.100000,18399.010000,18805.290000,18808.690000,18784.420000
2020-12-13,18784.420000,19247.680000,19316.810000,19211.340000,19193.780000,19174.990000,19260.680000
2020-12-14,19260.680000,19155.800000,19106.440000,19200.070000,19175.880000,19273.140000,19479.700000
2020-12-15,19479.700000,19197.600000,19293.540000,19403.310000,19530.380000,19426.430000,19346.520000
2020-12-16,19346.520000,19423.960000,19739.780000,20661.370000,20736.870000,21335.520000,21753.260000
2020-12-17,21753.260000,22478.760000,22752.160000,23333.800000,22899.080000,22797.160000,22811.590000
2020-12-18,22811.590000,23055.980000,22886.170000,22549.000000,22762.280000,23107.390000,23098.040000
2020-12-19,23098.040000,22853.750000,22888.540000,23552.010000,23791.910000,23821.610000,23346.480000
2020-12-20,23346.480000,23628.880000,23553.020000,23868.090000,23930.000000,23455.520000,23945.290000
2020-12-21,23945.290000,23980.000000,22645.850000,22681.320000,22816.620000,22719.710000,22851.200000
2020-12-22,22851.200000,22655.830000,23119.480000,23342.580000,23404.270000,23810.790000,23706.720000
2020-12-23,23706.720000,23555.730000,23064.010000,23449.660000,23556.910000,23232.760000,22894.280000
2020-12-24,22894.280000,23173.380000,23218.680000,23232.120000,23287.150000,23729.200000,23481.210000
2020-12-25,23481.210000,23649.820000,24574.400000,24025.130000,24449.660000,24712.470000,24909.790000
2020-12-26,24909.790000,24784.480000,24834.360000,25629.990000,25931.020000,26493.390000,26568.080000
2020-12-27,26568.080000,27639.380000,27646.480000,27359.620000,27081.670000,26281.660000,27275.650000
2020-12-28,27275.650000,27001.310000,26859.070000,26916.320000,26996.740000,27079.410000,26444.600000
2020-12-29,26444.600000,26435.630000,26876.400000,26614.970000,26931.620000,27385.000000,28065.540000
2020-12-30,28065.540000,28386.620000,27838.820000,28153.760000,28776.460000,28875.540000,29024.000000
2020-12-31,29024.000000,29155.250000,28910.300000,28770.000000,28897.830000,28923.630000,29278.400000
2021-01-01,29278.400000,29092.830000,29313.490000,29188.670000,29029.040000,29331.690000,29351.950000
2021-01-02,29351.950000,29750.000000,29755.000000,31691.290000,33027.200000,32178.330000,32573.870000
2021-01-03,32573.870000,34452.340000,34413.530000,33506.620000,32772.210000,33000.050000,33505.160000
2021-01-04,33505.160000,32068.840000,30743.060000,31745.720000,31665.510000,31988.710000,31200.000000
2021-01-05,31200.000000,30817.770000,31776.660000,32099.980000,33697.750000,33949.530000,34117.590000
2021-01-06,34117.590000,34676.400000,34918.530000,34566.190000,34816.720000,36769.360000,37454.480000
2021-01-07,37454.480000,36859.850000,37822.090000,38970.420000,39062.000000,39432.280000,38347.100000
2021-01-08,38347.100000,38930.550000,41286.670000,40829.080000,40365.090000,40582.810000,40211.590000
2021-01-09,40211.590000,39638.610000,40565.770000,40525.150000,40665.910000,40088.220000,40316.640000
2021-01-10,40316.640000,40978.570000,39181.760000,39671.810000,37456.770000,38150.020000,35438.230000
2021-01-11,35438.230000,34375.340000,34198.560000,31580.000000,32254.620000,35404.470000,34984.960000
2021-01-12,34984.960000,36413.600000,35410.990000,33829.400000,34685.110000,34051.240000,33818.500000
2021-01-13,33818.500000,34986.900000,34385.480000,34673.900000,36002.250000,37371.380000,37045.130000
2021-01-14,37045.130000,38198.340000,38365.860000,39546.010000,39876.980000,39144.500000,38700.000000
2021-01-15,38700.000000,38473.080000,38108.880000,35610.720000,35217.260000,36742.220000,36532.920000
2021-01-16,36532.920000,36574.860000,37680.000000,37461.990000,36376.390000,35994.980000,36177.000000
2021-01-17,36177.000000,34760.900000,35267.170000,35728.470000,35633.910000,35828.610000,35106.250000
2021-01-18,35106.250000,36104.610000,36442.080000,36405.980000,35956.140000,36631.270000,36465.300000
2021-01-19,36465.300000,37168.820000,37266.490000,37329.400000,36279.820000,35891.490000,35062.490000
2021-01-20,35062.490000,35677.140000,34426.170000,34192.170000,35197.120000,35468.230000,34571.090000
2021-01-21,34571.090000,34624.270000,32208.620000,31384.090000,32468.660000,30850.130000,30943.400000
2021-01-22,30943.400000,30842.450000,31710.880000,32458.420000,33589.520000,32945.170000,32365.010000
2021-01-23,32365.010000,32931.180000,31645.490000,31877.100000,32348.790000,32078.000000,32480.050000
2021-01-24,32480.050000,32801.150000,32833.370000,31957.050000,31306.290000,32259.900000,33568.180000
2021-01-25,33568.180000,33346.950000,33185.260000,34458.310000,33411.540000,32254.200000,31518.660000
2021-01-26,31518.660000,31643.610000,31796.950000,31750.230000,32208.330000,32467.770000,31800.860000
2021-01-27,31800.860000,31743.330000,30639.050000,30322.610000,30740.330000,30366.150000,31404.250000
2021-01-28,31404.250000,31170.530000,31437.370000,31926.490000,32564.710000,33364.860000,33733.580000
2021-01-29,33733.580000,32266.350000,37025.320000,37129.400000,34318.570000,34252.200000,33273.360000
2021-01-30,33273.360000,34046.800000,33660.400000,34210.200000,34286.500000,34262.880000,33930.210000
2021-01-31,33930.210000,33607.980000,33563.230000,32862.660000,32808.800000,33092.980000,33573.970000
2021-02-01,33573.970000,33803.970000,34183.330000,33160.170000,33838.130000,33526.370000,33550.320000
2021-02-02,33550.320000,34223.380000,34720.150000,34708.470000,35762.030000,35466.240000,36403.470000
2021-02-03,36403.470000,36297.570000,35969.410000,36850.000000,36788.890000,37618.870000,37498.780000
2021-02-04,37498.780000,37843.400000,37321.750000,36564.230000,37467.180000,36936.660000,37366.020000
2021-02-05,37366.020000,37653.980000,37691.320000,37960.760000,37608.920000,38290.240000,39384.740000
2021-02-06,39384.740000,39359.120000,40199.990000,40864.730000,40179.420000,39186.940000,38841.460000
2021-02-07,38841.460000,39030.000000,39046.600000,37921.110000,38050.000000,38795.690000,38076.060000
2021-02-08,38076.060000,39269.950000,39423.080000,43716.320000,43051.950000,46374.870000,46599.510000
2021-02-09,46599.510000,47505.400000,46380.920000,46773.630000,47060.180000,46420.420000,46221.070000
2021-02-10,46221.070000,46563.690000,46586.560000,44353.040000,45190.050000,44807.580000,44582.070000
2021-02-11,44582.070000,44700.010000,46061.490000,47960.850000,47754.030000,47969.510000,47587.310000
2021-02-12,47587.310000,47318.810000,47562.420000,47021.050000,47272.950000,47287.600000,47829.220000
2021-02-13,47829.220000,46995.720000,46589.200000,47076.010000,46870.150000,47153.690000,47267.210000
2021-02-14,47267.210000,48725.180000,49055.160000,48541.180000,48693.390000,48577.790000,47120.300000
2021-02-15,47120.300000,47267.060000,47802.660000,47938.830000,48657.310000,47911.100000,49624.030000
2021-02-16,49624.030000,49163.460000,48915.480000,48956.910000,48537.390000,49133.450000,49657.380000
2021-02-17,49657.380000,51112.390000,51273.460000,51169.970000,52142.350000,52119.710000,52032.640000
2021-02-18,52032.640000,51901.960000,51374.070000,51585.290000,51760.010000,51552.600000,51245.000000
2021-02-19,51245.000000,51727.080000,52710.000000,53863.190000,54990.010000,55906.000000,55706.070000
2021-02-20,55706.070000,55207.920000,56355.910000,56145.970000,56975.120000,55841.190000,56505.220000
2021-02-21,56505.220000,56091.760000,57284.790000,57313.990000,58072.620000,57408.570000,55860.120000
2021-02-22,55860.120000,56422.920000,54524.940000,53236.690000,53581.690000,54087.670000,51906.360000
2021-02-23,51906.360000,49640.330000,46369.290000,48602.030000,45523.000000,48891.000000,50874.990000
2021-02-24,50874.990000,50090.570000,50360.020000,49819.500000,48959.930000,49676.200000,50206.970000
2021-02-25,50206.970000,50395.990000,50294.800000,50849.990000,49443.860000,47073.730000,47330.240000
2021-02-26,47330.240000,44973.680000,46427.650000,47594.650000,46959.170000,46276.870000,47423.080000
2021-02-27,47423.080000,47158.530000,47299.990000,46528.640000,47405.390000,46106.430000,44629.170000
2021-02-28,44629.170000,44400.830000,45284.860000,43391.140000,44405.320000,45135.660000,46336.370000
2021-03-01,46336.370000,46288.180000,47722.780000,49188.000000,48262.830000,49587.030000,48974.750000
2021-03-02,48974.750000,48331.610000,48844.130000,48676.080000,47467.430000,48440.650000,48704.750000
2021-03-03,48704.750000,49752.970000,51666.330000,50767.360000,50857.170000,50349.370000,49574.890000
2021-03-04,49574.890000,49696.490000,49323.320000,49412.600000,48000.360000,48374.090000,47289.810000
2021-03-05,47289.810000,47380.000000,47478.870000,47867.450000,49295.470000,48751.710000,48657.720000
2021-03-06,48657.720000,48820.120000,48171.010000,47267.880000,48341.010000,48882.200000,49551.440000
2021-03-07,49551.440000,50052.680000,50705.520000,50585.230000,50381.680000,50971.750000,50598.490000
2021-03-08,50598.490000,49755.240000,50496.820000,51054.990000,51310.820000,52375.170000,53840.620000
2021-03-09,53840.620000,53546.900000,54233.320000,54097.020000,54108.790000,54884.500000,53467.800000
2021-03-10,53467.800000,54173.380000,54858.470000,56328.810000,56739.400000,55851.590000,55992.600000
2021-03-11,55992.600000,55034.200000,56227.340000,56347.190000,56827.840000,57773.160000,57104.170000
2021-03-12,57104.170000,56670.900000,56500.000000,56956.950000,56942.410000,57221.720000,56694.320000
2021-03-13,56694.320000,57343.700000,59849.740000,59692.990000,60773.560000,61188.390000,61356.310000
2021-03-14,61356.310000,60494.800000,60308.310000,59681.260000,59931.700000,58968.310000,60379.990000
2021-03-15,60379.990000,57789.760000,56150.790000,56224.130000,56570.360000,55605.200000,54272.860000
2021-03-16,54272.860000,55239.810000,55471.210000,55844.920000,55731.360000,56900.750000,55506.230000
2021-03-17,55506.230000,55821.010000,54840.000000,54930.000000,57867.420000,58912.970000,58712.330000
2021-03-18,58712.330000,58355.150000,58170.370000,59533.680000,57293.790000,57648.160000,57779.840000
2021-03-19,57779.840000,57834.040000,58831.330000,58971.500000,58826.560000,58030.010000,58367.740000
2021-03-20,58367.740000,58402.410000,59242.470000,59244.520000,59272.820000,58102.280000,57790.000000
2021-03-21,57790.000000,56972.680000,56267.650000,57159.040000,57513.180000,57351.560000,57563.630000
2021-03-22,57563.630000,57576.500000,57713.790000,57083.000000,55524.990000,54083.250000,54684.830000
2021-03-23,54684.830000,54161.340000,54249.810000,55165.190000,55008.460000,54340.890000,54350.540000
2021-03-24,54350.540000,55464.200000,56541.030000,56298.120000,54736.530000,52303.650000,52122.860000
2021-03-25,52122.860000,52270.710000,52163.190000,50996.150000,52195.190000,51293.780000,52407.190000
2021-03-26,52407.190000,53569.850000,52710.960000,53308.270000,53778.550000,55025.590000,54760.970000
2021-03-27,54760.970000,54950.280000,54442.890000,54961.850000,55765.010000,55817.140000,56052.050000
2021-03-28,56052.050000,56200.660000,55787.030000,56354.350000,55208.690000,55777.630000,55371.600000
2021-03-29,55371.600000,55911.990000,57854.320000,57719.740000,57676.420000,57635.470000,57181.330000
2021-03-30,57181.330000,58116.170000,59240.340000,58526.420000,59060.000000,58746.570000,58608.630000
2021-03-31,58608.630000,58173.830000,58015.020000,59304.750000,58553.120000,58740.550000,59119.020000
2021-04-01,59119.020000,58817.770000,58584.320000,58974.650000,58918.990000,58720.440000,59869.790000
2021-04-02,59869.790000,59417.630000,59542.780000,59480.060000,58850.000000,58950.010000,59221.530000
2021-04-03,59221.530000,59298.850000,59255.020000,58829.990000,58597.040000,57051.940000,57492.420000
2021-04-04,57492.420000,57614.520000,57275.550000,57918.110000,57953.860000,58202.010000,57467.120000
2021-04-05,57467.120000,57250.000000,57756.360000,59018.290000,59005.200000,59129.990000,58608.700000
2021-04-06,58608.700000,58576.590000,58541.340000,57818.530000,58225.000000,57991.150000,57922.750000
2021-04-07,57922.750000,57850.570000,56320.470000,56451.450000,56153.830000,55953.450000,56540.620000
2021-04-08,56540.620000,57025.710000,56421.180000,57768.130000,57734.940000,58077.520000,57985.710000
2021-04-09,57985.710000,58051.420000,58527.190000,58240.000000,58370.590000,58142.540000,59229.500000
2021-04-10,59229.500000,60480.400000,60575.940000,60247.260000,59567.380000,59769.130000,60268.580000
2021-04-11,60268.580000,59655.490000,59721.840000,59645.460000,59705.530000,60002.430000,60368.960000
2021-04-12,60368.960000,60711.010000,60241.500000,59986.830000,60090.410000,59860.000000,60493.430000
2021-04-13,60493.430000,61050.990000,62942.210000,63331.830000,62997.020000,63575.000000,63749.190000
2021-04-14,63749.190000,64288.800000,64511.210000,63045.020000,62150.040000,62959.530000,63056.610000
2021-04-15,63056.610000,62842.560000,62361.120000,62715.180000,63363.290000,63159.980000,62937.910000
2021-04-16,62937.910000,61414.830000,60853.810000,61551.620000,61713.430000,61334.800000,62372.270000
2021-04-17,62372.270000,62114.990000,60886.910000,60264.660000,60705.020000,60006.660000,55014.460000
2021-04-18,55014.460000,56180.340000,53308.920000,55452.450000,55720.660000,56150.010000,57030.900000
2021-04-19,57030.900000,57323.350000,57107.400000,54585.220000,55930.940000,55633.140000,54764.120000
2021-04-20,54764.120000,54410.570000,56266.830000,55323.190000,56572.440000,56425.000000,55204.600000
2021-04-21,55204.600000,55304.040000,54563.370000,56153.750000,55478.700000,53787.630000,53497.090000
2021-04-22,53497.090000,54144.990000,54866.620000,54651.640000,52923.540000,51690.960000,50298.760000
2021-04-23,50298.760000,47942.440000,50070.360000,49836.620000,50876.720000,51125.140000,50109.930000
2021-04-24,50109.930000,49805.200000,49073.710000,50212.030000,50667.750000,50047.840000,49615.540000
2021-04-25,49615.540000,49683.940000,49550.730000,50257.970000,49333.010000,49066.770000,52398.990000
2021-04-26,52398.990000,52801.370000,53598.390000,53571.120000,54036.190000,54001.390000,53460.300000
2021-04-27,53460.300000,54545.010000,55152.430000,54981.870000,54761.700000,55011.970000,54774.050000
2021-04-28,54774.050000,54255.980000,54853.260000,54338.140000,55411.970000,54846.220000,54265.100000
2021-04-29,54265.100000,54465.140000,54300.160000,53703.110000,52860.020000,53555.000000,53679.030000
2021-04-30,53679.030000,54343.110000,54230.630000,57180.060000,57007.380000,57694.270000,58178.670000
2021-05-01,58178.670000,57725.140000,57816.900000,57356.580000,57770.310000,57800.370000,56450.190000
2021-05-02,56450.190000,56633.020000,57090.000000,56595.200000,56836.400000,56578.210000,57925.800000
2021-05-03,57925.800000,58787.870000,58657.630000,57601.830000,57564.870000,57169.390000,55452.170000
2021-05-04,55452.170000,55917.970000,56143.420000,53799.330000,54541.130000,53200.010000,54795.190000
2021-05-05,54795.190000,54858.350000,55108.950000,57636.740000,57136.040000,57436.110000,56797.090000
2021-05-06,56797.090000,56814.790000,57988.000000,57088.490000,56128.420000,56393.680000,55705.670000
2021-05-07,55705.670000,55766.340000,56464.740000,57519.240000,57584.010000,57314.750000,58099.980000
2021-05-08,58099.980000,58463.060000,58556.090000,57599.870000,59030.560000,58862.050000,58632.780000
2021-05-09,58632.780000,57965.590000,57907.490000,57379.580000,57266.970000,58240.840000,59356.760000
2021-05-10,59356.760000,58370.170000,58070.630000,58296.360000,55733.760000,55816.140000,55142.460000
2021-05-11,55142.460000,55740.090000,55210.470000,56052.820000,56608.940000,56670.020000,57756.940000
2021-05-12,57756.940000,57101.070000,56421.460000,55479.130000,54432.390000,49631.320000,50461.990000
2021-05-13,50461.990000,50879.720000,49777.010000,49627.640000,48568.850000,49670.970000,49157.930000
2021-05-14,49157.930000,49987.200000,50538.140000,51211.980000,50138.090000,49841.450000,49627.010000
2021-05-15,49627.010000,48469.280000,48929.740000,48982.990000,48108.400000,46762.990000,48383.460000
2021-05-16,48383.460000,49375.280000,49014.990000,47727.260000,45549.260000,46431.500000,42915.460000
2021-05-17,42915.460000,45149.180000,45731.390000,43362.750000,44197.730000,43538.040000,44779.830000
2021-05-18,44779.830000,45172.700000,45321.020000,42969.470000,43262.710000,42849.780000,40591.150000
2021-05-19,40591.150000,40371.440000,38700.000000,37318.520000,39342.930000,36690.090000,38341.040000
2021-05-20,38341.040000,39959.680000,40475.170000,41432.880000,40116.040000,40526.640000,40666.910000
2021-05-21,40666.910000,39842.570000,41124.290000,36794.570000,36062.120000,37252.010000,36951.850000
2021-05-22,36951.850000,36269.280000,38157.760000,38162.400000,37286.650000,37449.730000,37421.590000
2021-05-23,37421.590000,35927.690000,35389.100000,33318.090000,33051.730000,34655.250000,35251.370000
2021-05-24,35251.370000,36645.790000,37600.010000,37539.630000,39606.100000,38796.290000,38304.510000
2021-05-25,38304.510000,38985.060000,36537.160000,38277.570000,37292.690000,38324.720000,39503.980000
2021-05-26,39503.980000,40445.790000,39850.650000,38758.610000,38485.100000,39241.910000,37621.560000
2021-05-27,37621.560000,38275.470000,39690.010000,39667.000000,38768.350000,38529.980000,38237.180000
2021-05-28,38237.180000,36975.930000,35351.650000,36749.310000,35789.300000,35663.490000,36458.770000
2021-05-29,36458.770000,36145.020000,35375.000000,34416.270000,34025.430000,34605.150000,34770.120000
2021-05-30,34770.120000,35998.330000,36359.440000,35477.000000,36077.590000,35641.270000,34489.570000
2021-05-31,34489.570000,35850.170000,36836.460000,36961.160000,36863.670000,37253.810000,36704.990000
2021-06-01,36704.990000,36831.580000,36596.620000,36235.290000,35973.870000,36693.090000,36472.390000
2021-06-02,36472.390000,37220.000000,37203.080000,38040.700000,37884.570000,37568.680000,37634.570000
2021-06-03,37634.570000,38634.090000,38781.750000,38535.610000,38596.640000,39246.790000,37933.720000
2021-06-04,37933.720000,36610.290000,36585.660000,36948.850000,36800.990000,36829.000000,37410.000000
2021-06-05,37410.000000,37582.140000,35869.420000,36321.420000,35778.940000,35513.200000,35989.670000
2021-06-06,35989.670000,36132.570000,35868.130000,36157.470000,35747.150000,35796.310000,36392.930000
2021-06-07,36392.930000,36139.990000,36376.470000,36035.510000,35634.460000,33552.790000,32817.090000
2021-06-08,32817.090000,32966.700000,33089.990000,31705.240000,32864.180000,33380.810000,32863.070000
2021-06-09,32863.070000,34169.050000,34972.420000,36357.110000,36260.450000,37388.050000,36959.690000
2021-06-10,36959.690000,36962.140000,37818.540000,36896.750000,36675.090000,36675.720000,36754.400000
2021-06-11,36754.400000,37147.550000,37378.820000,36818.410000,37246.770000,37331.980000,35571.190000
2021-06-12,35571.190000,35289.060000,35596.700000,35384.960000,35730.000000,35546.110000,34867.800000
2021-06-13,34867.800000,35280.020000,35904.030000,36034.970000,37650.000000,39020.570000,38975.140000
2021-06-14,38975.140000,39555.240000,39166.330000,40685.370000,39716.060000,40516.290000,40404.860000
2021-06-15,40404.860000,40365.740000,39839.900000,40065.010000,39958.010000,40144.040000,40013.630000
2021-06-16,40013.630000,40126.870000,39080.010000,38775.660000,38680.110000,38349.010000,38865.050000
2021-06-17,38865.050000,39207.360000,39146.360000,39007.910000,37702.530000,38092.970000,37926.790000
2021-06-18,37926.790000,37715.030000,37821.950000,36355.100000,35327.240000,35819.840000,35103.440000
2021-06-19,35103.440000,35785.960000,35940.220000,36114.850000,35943.650000,35483.720000,35527.240000
2021-06-20,35527.240000,35637.710000,33872.900000,34422.710000,35502.820000,35600.160000,34649.630000
2021-06-21,34649.630000,33025.500000,32520.560000,32687.990000,32563.890000,31608.930000,33018.220000
2021-06-22,33018.220000,32648.980000,31243.410000,31708.080000,32404.060000,32509.560000,33966.430000
2021-06-23,33966.430000,33982.260000,33911.390000,33490.140000,32879.970000,33678.070000,32589.200000
2021-06-24,32589.200000,32853.740000,33850.770000,33886.520000,34857.730000,34663.090000,35052.070000
2021-06-25,35052.070000,34283.820000,33311.960000,32607.070000,32220.740000,31584.450000,31977.590000
2021-06-26,31977.590000,30720.370000,31777.730000,31523.500000,31573.980000,32283.650000,33146.910000
2021-06-27,33146.910000,33283.170000,33246.550000,33200.020000,32815.190000,34700.340000,34398.360000
2021-06-28,34398.360000,35028.690000,34107.200000,34969.990000,34441.770000,34494.890000,34577.160000
2021-06-29,34577.160000,34849.270000,35555.620000,36248.990000,36382.390000,35911.730000,35119.990000
2021-06-30,35119.990000,35250.540000,34849.990000,34193.440000,34743.560000,35045.000000,34120.010000
2021-07-01,34120.010000,33348.300000,33717.520000,33432.540000,33091.480000,33504.690000,32907.220000
2021-07-02,32907.220000,33358.260000,33023.010000,33704.910000,33327.710000,33786.550000,33524.470000
2021-07-03,33524.470000,34499.540000,34608.040000,34608.480000,34745.980000,34669.130000,34641.610000
2021-07-04,34641.610000,35600.630000,35512.340000,35513.290000,35575.010000,35286.510000,34350.890000
2021-07-05,34350.890000,34256.170000,33379.960000,33585.910000,34117.970000,33690.140000,33920.690000
2021-07-06,33920.690000,34874.850000,34067.310000,34042.430000,34019.990000,34220.010000,34446.500000
2021-07-07,34446.500000,34710.380000,34827.960000,34528.600000,34628.720000,33862.120000,33305.650000
2021-07-08,33305.650000,32487.570000,32696.440000,32900.010000,33003.520000,32875.710000,32941.810000
2021-07-09,32941.810000,32910.210000,32774.990000,33558.670000,33445.310000,33815.810000,33800.030000
2021-07-10,33800.030000,33766.010000,33793.940000,33862.540000,33409.920000,33502.870000,33448.970000
2021-07-11,33448.970000,33508.830000,33814.840000,33948.680000,33894.570000,34258.990000,34447.920000
2021-07-12,34447.920000,34281.740000,33530.000000,33337.490000,32822.850000,33086.630000,33071.140000
2021-07-13,33071.140000,33180.080000,33042.610000,32790.080000,32309.690000,32729.770000,31830.010000
2021-07-14,31830.010000,31920.010000,32451.990000,32786.000000,32729.760000,32820.020000,32641.650000
2021-07-15,32641.650000,32469.500000,31880.500000,31677.010000,31533.620000,31880.000000,31914.890000
2021-07-16,31914.890000,31774.490000,31086.530000,32127.390000,31911.340000,31383.870000,31306.560000
2021-07-17,31306.560000,31513.640000,31391.330000,31764.750000,31834.330000,31520.070000,32166.000000
2021-07-18,32166.000000,31712.100000,31801.010000,31365.600000,31643.800000,31778.560000,31541.570000
2021-07-19,31541.570000,31604.330000,31265.920000,30687.960000,30744.970000,30839.650000,29600.460000
2021-07-20,29600.460000,29821.730000,29692.790000,29888.360000,29780.860000,29790.350000,29845.100000
2021-07-21,29845.100000,30817.840000,31534.110000,31933.000000,31627.570000,32144.510000,31929.640000
2021-07-22,31929.640000,32129.750000,31913.640000,32504.820000,32376.930000,32287.830000,32594.460000
2021-07-23,32594.460000,32490.000000,32296.510000,32315.000000,32248.630000,33634.090000,33669.980000
2021-07-24,33669.980000,33806.500000,33867.000000,33847.510000,33846.160000,34258.140000,34160.850000
2021-07-25,34160.850000,34695.510000,34399.040000,34174.080000,34353.250000,35381.020000,38283.980000
2021-07-26,38283.980000,38150.000000,38473.610000,38562.210000,39365.150000,37237.600000,36823.800000
2021-07-27,36823.800000,37115.110000,38064.870000,38209.580000,37800.490000,39457.870000,39817.560000
2021-07-28,39817.560000,39895.880000,40750.840000,39689.040000,40388.610000,40019.560000,39609.780000
2021-07-29,39609.780000,39934.620000,39769.990000,39939.330000,39659.840000,40016.480000,39969.990000
2021-07-30,39969.990000,39726.010000,38642.460000,39073.850000,39853.720000,42206.370000,41810.010000
2021-07-31,41810.010000,41540.320000,41592.150000,41537.830000,41303.630000,41461.830000,42435.130000
2021-08-01,42435.130000,41701.260000,41587.010000,41286.980000,41263.350000,39845.440000,39785.590000
2021-08-02,39785.590000,40104.450000,39542.420000,39705.120000,39177.850000,39147.820000,38655.740000
2021-08-03,38655.740000,38593.440000,38490.010000,38169.440000,38011.370000,38207.050000,37976.810000
2021-08-04,37976.810000,37828.840000,38160.060000,39302.000000,39752.170000,39723.180000,39435.090000
2021-08-05,39435.090000,38870.590000,38008.380000,38750.010000,40692.240000,40862.460000,40219.470000
2021-08-06,40219.470000,40729.590000,40507.560000,42199.980000,42901.170000,42836.870000,43691.860000
2021-08-07,43691.860000,43207.890000,43800.030000,43370.230000,43931.410000,44572.540000,44322.420000
2021-08-08,44322.420000,44804.510000,44452.060000,43984.550000,43715.100000,43794.370000,43496.090000
2021-08-09,43496.090000,43800.740000,45930.010000,45870.750000,45979.850000,46253.400000,45708.760000
2021-08-10,45708.760000,45948.000000,45345.050000,45165.730000,45495.730000,45584.990000,45585.660000
2021-08-11,45585.660000,46349.250000,45924.080000,46456.020000,46448.000000,45511.000000,45927.000000
2021-08-12,45927.000000,45243.610000,44752.560000,44196.190000,44371.320000,44399.000000,44847.260000
2021-08-13,44847.260000,46103.510000,46138.470000,46357.150000,46459.860000,47800.000000,47540.000000
2021-08-14,47540.000000,47616.120000,46569.990000,46944.470000,47033.760000,47068.510000,46874.810000
2021-08-15,46874.810000,45742.920000,45923.570000,46167.900000,46341.800000,46973.820000,47357.620000
2021-08-16,47357.620000,47309.850000,47516.950000,46344.030000,46092.990000,45901.290000,46417.000000
2021-08-17,46417.000000,45947.490000,46849.430000,45730.000000,45465.010000,44695.950000,45055.780000
2021-08-18,45055.780000,44951.320000,44746.590000,45820.000000,44901.120000,44705.290000,44046.970000
2021-08-19,44046.970000,44660.010000,44215.250000,45779.580000,46710.000000,46760.620000,47054.740000
2021-08-20,47054.740000,46833.480000,46922.340000,48718.380000,48684.160000,49322.470000,48828.170000
2021-08-21,48828.170000,48944.230000,48501.870000,49180.980000,48978.680000,48821.870000,48790.000000
2021-08-22,48790.000000,49195.010000,49132.040000,48526.610000,48647.850000,49239.220000,50260.000000
2021-08-23,50260.000000,50130.050000,50394.850000,49537.970000,49239.690000,49488.850000,49331.160000
2021-08-24,49331.160000,49770.130000,49429.990000,48310.740000,48243.200000,47674.010000,47975.930000
2021-08-25,47975.930000,48144.580000,47570.010000,48822.490000,48652.140000,48973.320000,47911.790000
2021-08-26,47911.790000,46891.750000,46835.890000,46800.000000,46939.750000,46843.870000,46822.230000
2021-08-27,46822.230000,47483.440000,47453.830000,48184.670000,48293.690000,49069.900000,48852.990000
2021-08-28,48852.990000,48950.000000,48674.720000,48811.120000,48651.930000,48895.350000,48227.310000
2021-08-29,48227.310000,48480.100000,48159.980000,48474.950000,48799.270000,48767.830000,47964.040000
2021-08-30,47964.040000,47930.400000,47902.760000,48019.640000,48619.990000,46982.910000,47150.680000
2021-08-31,47150.680000,47761.260000,47969.510000,47397.130000,47300.010000,47100.890000,47043.650000
2021-09-01,47043.650000,47171.010000,47713.310000,47488.490000,48150.000000,48810.520000,49561.240000
2021-09-02,49561.240000,49846.270000,50072.610000,49540.700000,49340.050000,49246.640000,49476.830000
2021-09-03,49476.830000,49305.110000,50168.540000,50550.440000,50528.490000,49999.140000,50277.430000
2021-09-04,50277.430000,50187.290000,49902.940000,49873.530000,49974.820000,49915.640000,49663.210000
2021-09-05,49663.210000,49857.140000,50198.780000,50214.950000,50684.560000,51756.880000,51595.290000
2021-09-06,51595.290000,51796.190000,51400.670000,51604.450000,51715.390000,52663.900000,52654.160000
2021-09-07,52654.160000,52344.080000,50941.480000,46656.070000,46694.590000,46863.730000,46450.410000
2021-09-08,46450.410000,45080.300000,46394.090000,46087.350000,46436.320000,46048.310000,46001.110000
2021-09-09,46001.110000,46275.000000,46293.150000,47001.650000,46574.750000,46395.140000,46719.710000
2021-09-10,46719.710000,46160.550000,46331.860000,45420.860000,45649.780000,44850.910000,45191.880000
2021-09-11,45191.880000,45043.970000,45555.040000,45573.990000,45357.060000,45173.690000,45316.280000
2021-09-12,45316.280000,45357.020000,46085.900000,45886.990000,45902.870000,46025.240000,44617.790000
2021-09-13,44617.790000,44470.630000,44859.240000,44361.310000,44741.660000,44940.730000,45186.850000
2021-09-14,45186.850000,45720.020000,45973.800000,46754.420000,46474.890000,47111.520000,47075.480000
2021-09-15,47075.480000,47172.840000,47560.740000,48288.000000,48075.440000,48121.410000,47615.080000
2021-09-16,47615.080000,48343.520000,47895.010000,48020.240000,47430.010000,47737.820000,47899.830000
2021-09-17,47899.830000,47719.730000,47403.560000,47527.520000,47501.680000,47299.980000,47924.570000
2021-09-18,47924.570000,48622.010000,48367.160000,48414.990000,48266.000000,48292.740000,47844.880000
2021-09-19,47844.880000,48157.700000,47327.730000,47646.720000,47376.720000,47241.750000,45542.760000
2021-09-20,45542.760000,44824.890000,43739.750000,43844.880000,43850.250000,43015.620000,42683.010000
2021-09-21,42683.010000,43301.070000,43288.970000,43072.810000,42013.630000,40734.380000,42052.090000
2021-09-22,42052.090000,42540.000000,41928.320000,43222.960000,43384.900000,43543.610000,44074.570000
2021-09-23,44074.570000,44229.990000,43648.150000,43747.630000,44767.570000,44865.260000,44283.030000
2021-09-24,44283.030000,44818.460000,41527.500000,41944.010000,42371.430000,42810.570000,42608.110000
2021-09-25,42608.110000,42372.020000,42485.030000,42669.960000,42665.950000,42670.640000,42212.400000
2021-09-26,42212.400000,41231.340000,43063.570000,43343.730000,43252.540000,43160.900000,44038.750000
2021-09-27,44038.750000,43688.030000,43747.690000,43293.260000,43011.820000,42147.350000,42558.400000
2021-09-28,42558.400000,41775.250000,42101.490000,41447.180000,41601.990000,41026.540000,42199.990000
2021-09-29,42199.990000,42450.250000,42399.980000,41698.980000,41207.860000,41524.280000,43591.230000
2021-09-30,43591.230000,43286.880000,43072.290000,43149.020000,43532.310000,43824.100000,43635.790000
2021-10-01,43635.790000,44788.420000,47488.080000,47363.680000,48030.000000,48141.610000,47520.840000
2021-10-02,47520.840000,47725.010000,47683.450000,47828.520000,48239.990000,47634.900000,47898.660000
2021-10-03,47898.660000,47895.990000,47974.860000,47879.820000,48774.760000,48200.010000,47468.790000
2021-10-04,47468.790000,47838.540000,47585.850000,47758.230000,49380.000000,49224.940000,49306.680000
2021-10-05,49306.680000,49476.510000,49877.060000,49793.570000,51190.110000,51471.990000,51513.810000
2021-10-06,51513.810000,51449.990000,51306.560000,54984.190000,55049.990000,55315.000000,54810.940000
2021-10-07,54810.940000,54755.920000,54305.540000,53899.990000,53962.760000,53785.220000,53815.220000
2021-10-08,53815.220000,54829.390000,55242.720000,54324.840000,54686.480000,53951.430000,54560.580000
2021-10-09,54560.580000,54917.550000,54792.680000,54977.290000,54656.810000,54949.720000,55049.150000
2021-10-10,55049.150000,55668.810000,55144.990000,55373.010000,55450.250000,54659.000000,56507.090000
2021-10-11,56507.090000,56789.760000,56407.510000,57490.180000,57488.330000,57471.350000,56711.350000
2021-10-12,56711.350000,57342.790000,57240.140000,56303.200000,55329.780000,55996.930000,56277.780000
2021-10-13,56277.780000,54612.610000,55210.790000,56168.850000,57259.770000,57367.000000,58065.990000
2021-10-14,58065.990000,57367.300000,57622.420000,57331.310000,57833.120000,57347.940000,59431.710000
2021-10-15,59431.710000,59231.500000,59527.990000,60038.360000,61446.320000,61672.420000,61655.990000
2021-10-16,61655.990000,61733.960000,61597.260000,60941.040000,60834.340000,60875.570000,61115.850000
2021-10-17,61115.850000,60329.540000,60939.890000,60764.120000,60519.480000,61528.330000,62123.870000
2021-10-18,62123.870000,61885.420000,60933.040000,62003.030000,61434.630000,62009.840000,62588.860000
2021-10-19,62588.860000,62297.060000,62128.390000,62395.990000,64177.150000,64280.590000,63844.670000
2021-10-20,63844.670000,63999.970000,63791.100000,66875.830000,66397.590000,66001.410000,65069.020000
2021-10-21,65069.020000,65100.700000,64827.900000,62971.200000,62802.070000,62193.150000,63237.900000
2021-10-22,63237.900000,63371.330000,63376.800000,60690.940000,61032.700000,60688.220000,61236.520000
2021-10-23,61236.520000,60880.000000,61552.230000,61446.870000,61008.020000,61286.750000,61227.760000
2021-10-24,61227.760000,60687.820000,60281.000000,59859.970000,60643.090000,60852.220000,62084.260000
2021-10-25,62084.260000,62660.650000,62759.190000,63606.870000,62688.000000,63078.780000,62758.020000
2021-10-26,62758.020000,62432.540000,62739.980000,62514.590000,62000.000000,60328.810000,60714.340000
2021-10-27,60714.340000,59949.930000,58564.000000,58819.140000,59062.320000,58413.440000,58839.800000
2021-10-28,58839.800000,58993.710000,60960.610000,61138.620000,61289.130000,60575.890000,61642.990000
2021-10-29,61642.990000,60569.050000,60940.910000,62299.990000,62545.110000,62253.710000,61679.950000
2021-10-30,61679.950000,61597.190000,61595.010000,61377.190000,61730.850000,61859.190000,61697.840000
2021-10-31,61697.840000,61362.610000,60467.810000,60460.230000,60689.950000,61299.800000,59922.980000
2021-11-01,59922.980000,62178.310000,61807.990000,61550.890000,61435.980000,60911.110000,61074.500000
2021-11-02,61074.500000,61521.130000,62913.300000,64018.730000,63576.050000,63219.990000,63210.410000
2021-11-03,63210.410000,63394.630000,63108.430000,62190.000000,62800.000000,62896.480000,62420.000000
2021-11-04,62420.000000,61853.790000,61447.220000,61035.010000,61249.340000,61395.010000,62203.800000
2021-11-05,62203.800000,62128.710000,61259.630000,60782.170000,61090.690000,60937.120000,61109.520000
2021-11-06,61109.520000,60790.880000,60327.470000,60648.590000,61175.400000,61470.610000,62133.040000
2021-11-07,62133.040000,61759.870000,61911.400000,61938.010000,62265.570000,63273.590000,65199.990000
2021-11-08,65199.990000,65941.890000,66037.210000,66379.410000,65835.010000,67525.830000,68490.000000
2021-11-09,68490.000000,67852.560000,67594.980000,66771.100000,66800.210000,66947.660000,66487.230000
2021-11-10,66487.230000,66426.430000,66546.800000,68348.630000,66650.990000,64882.430000,64746.180000
2021-11-11,64746.180000,65228.400000,65255.880000,64799.600000,65119.990000,64774.260000,64826.630000
2021-11-12,64826.630000,64488.120000,63753.190000,63155.940000,63845.010000,64122.230000,63773.940000
2021-11-13,63773.940000,64029.990000,63554.230000,64688.990000,63941.650000,64380.000000,64637.810000
2021-11-14,64637.810000,64627.580000,64445.070000,64070.410000,64170.000000,65519.100000,65712.650000
2021-11-15,65712.650000,65579.710000,65733.060000,64288.160000,64265.900000,63606.740000,60907.410000
2021-11-16,60907.410000,60805.270000,60574.490000,60669.140000,60204.470000,60058.870000,59039.990000
2021-11-17,59039.990000,59688.000000,60762.830000,59664.490000,60212.490000,60344.870000,59840.010000
2021-11-18,59840.010000,59734.200000,59213.490000,58100.040000,57928.000000,56891.620000,55900.000000
2021-11-19,55900.000000,55987.830000,56989.590000,57887.980000,58033.050000,58052.240000,58513.100000
2021-11-20,58513.100000,58380.060000,58625.670000,57588.370000,59430.040000,59707.510000,58674.670000
2021-11-21,58674.670000,58982.740000,58692.910000,59199.260000,59314.130000,58622.020000,57383.390000
2021-11-22,57383.390000,57259.540000,57180.510000,58194.790000,55993.030000,56247.180000,56947.820000
2021-11-23,56947.820000,56006.740000,56149.510000,56883.070000,57778.200000,57541.270000,56399.990000
2021-11-24,56399.990000,56497.470000,56613.630000,56727.530000,56825.130000,57138.290000,57749.990000
2021-11-25,57749.990000,57648.890000,58009.990000,59048.500000,58853.830000,58960.360000,57900.910000
2021-11-26,57900.910000,56957.860000,53719.300000,54341.550000,54326.760000,53726.530000,54347.070000
2021-11-27,54347.070000,54394.560000,54605.730000,54898.220000,54935.910000,54721.030000,54137.310000
2021-11-28,54137.310000,54515.610000,54493.090000,54296.140000,54617.850000,57274.880000,57359.020000
2021-11-29,57359.020000,57515.130000,56883.290000,57125.930000,57880.670000,57776.250000,57092.920000
2021-11-30,57092.920000,56510.080000,57602.450000,57238.840000,57629.990000,56950.560000,57362.010000
2021-12-01,57362.010000,57163.870000,57157.930000,58614.490000,57427.900000,57184.070000,56300.120000
2021-12-02,56300.120000,56810.430000,56314.200000,56520.810000,56616.280000,56480.340000,56323.010000
2021-12-03,56323.010000,56733.690000,56959.770000,55975.320000,53838.650000,53601.050000,52000.000000
2021-12-04,52000.000000,47242.740000,46489.670000,48203.730000,49250.000000,49152.470000,49170.790000
2021-12-05,49170.790000,49289.180000,49242.580000,47951.570000,48902.450000,49396.330000,49018.470000
2021-12-06,49018.470000,48412.660000,48577.780000,48942.680000,49103.000000,50441.920000,50945.030000
2021-12-07,50945.030000,50907.270000,51456.200000,51734.150000,50884.480000,50588.950000,50110.910000
2021-12-08,50110.910000,50480.930000,49186.510000,50640.100000,50423.210000,50471.190000,49513.350000
2021-12-09,49513.350000,50016.890000,49160.530000,48464.090000,47613.530000,47545.590000,48373.480000
2021-12-10,48373.480000,47694.620000,48711.000000,47979.220000,48098.840000,47140.540000,48296.990000
2021-12-11,48296.990000,48021.760000,48240.440000,48747.020000,48407.250000,49389.990000,49305.700000
2021-12-12,49305.700000,49301.210000,49124.330000,49623.260000,50221.050000,50053.900000,48873.190000
2021-12-13,48873.190000,48740.010000,48847.260000,47252.020000,46739.360000,46702.750000,46952.000000
2021-12-14,46952.000000,47000.000000,47622.000000,46853.860000,46859.400000,48343.280000,48262.410000
2021-12-15,48262.410000,48209.510000,48132.540000,46632.310000,48674.900000,48864.980000,48819.600000
2021-12-16,48819.600000,48712.230000,49207.790000,48585.810000,47866.010000,47632.380000,47766.070000
2021-12-17,47766.070000,47007.250000,47112.430000,46528.830000,46765.660000,46131.200000,46283.050000
2021-12-18,46283.050000,46364.080000,47070.440000,46858.550000,46643.680000,46834.480000,47712.380000
2021-12-19,47712.380000,47515.090000,47152.720000,47239.800000,46673.930000,46681.230000,46687.220000
2021-12-20,46687.220000,46429.190000,46092.600000,45974.080000,46585.550000,46914.160000,47928.470000
2021-12-21,47928.470000,48579.770000,48866.920000,48418.490000,48619.790000,48889.880000,49249.000000
2021-12-22,49249.000000,49206.420000,48981.990000,48879.280000,48931.990000,48588.160000,48524.110000
2021-12-23,48524.110000,48129.600000,48354.770000,48819.330000,51109.990000,50838.810000,51029.990000
2021-12-24,51029.990000,50994.750000,50993.880000,50956.680000,51126.400000,50820.000000,50844.140000
2021-12-25,50844.140000,50919.170000,50682.970000,50659.910000,50889.150000,50399.660000,49675.560000
2021-12-26,49675.560000,49930.390000,49748.890000,50049.340000,50342.510000,50775.490000,51009.020000
2021-12-27,51009.020000,50694.830000,50759.450000,51450.570000,51204.640000,50701.440000,49828.060000
2021-12-28,49828.060000,49227.130000,49200.390000,48937.480000,47689.460000,47543.740000,48001.010000
2021-12-29,48001.010000,47570.030000,47737.950000,47959.360000,47148.610000,46464.660000,46504.000000
2021-12-30,46504.000000,46980.710000,47515.450000,47159.410000,47558.350000,47120.870000,47201.850000
